{"cameraMode":{"drawMode":0,"name":"Shaded","section":"Shading Mode"},"sceneLighting":true,"audioPlay":false,"sceneViewState":{"m_AlwaysRefresh":false,"showFog":true,"showSkybox":true,"showFlares":true,"showImageEffects":true,"showParticleSystems":true,"showVisualEffectGraphs":true,"m_FxEnabled":true},"in2DMode":false,"pivot":{"x":0.11718136072158814,"y":-0.3317667245864868,"z":-0.42418450117111208},"rotation":{"x":0.07282606512308121,"y":0.8653119206428528,"z":-0.4782204031944275,"w":0.13153798878192902},"size":1.206861972808838,"orthographic":true}