{"cameraMode":{"drawMode":0,"name":"Shaded","section":"Shading Mode"},"sceneLighting":true,"audioPlay":false,"sceneViewState":{"m_AlwaysRefresh":false,"showFog":true,"showSkybox":true,"showFlares":true,"showImageEffects":true,"showParticleSystems":true,"showVisualEffectGraphs":true,"m_FxEnabled":true},"in2DMode":false,"pivot":{"x":-0.012067034840583802,"y":1.7614874839782715,"z":-0.9552741050720215},"rotation":{"x":0.01750921830534935,"y":0.8610369563102722,"z":-0.5073921084403992,"w":0.029718711972236635},"size":4.298840522766113,"orthographic":true}